{
  "type": "FeatureCollection",
  "features": [
    {
      "type": "Feature",
      "id": "f298bd4f-9b05-4517-b114-baa40bbab943",
      "properties": {
        "type": "relation",
        "id": 11501969,
        "tags": {
          "building:levels": "2",
          "building:min_level": "1",
          "building:part": "yes",
          "indoor": "level",
          "level": "2",
          "name": "2. OG",
          "type": "multipolygon",
          "wall": "yes"
        },
        "relations": [],
        "meta": {},
        "osmId": "relation/11501969",
        "customId": "level/relation/11501969",
        "_area": 2323.9578092546108,
        "category": "unspecified",
        "restriction": null,
        "outdoor": false,
        "ordinal": 2,
        "name": {
          "en": "2. OG"
        },
        "short_name": {
          "en": "2"
        },
        "display_point": null,
        "address_id": null,
        "building_ids": [
          "40cdd0a8-4648-4a3e-8810-0c1e2adb9339"
        ]
      },
      "geometry": {
        "type": "Polygon",
        "coordinates": [
          [
            [
              9.9575963,
              48.4231044
            ],
            [
              9.9573727,
              48.4230224
            ],
            [
              9.9573147,
              48.4230343
            ],
            [
              9.9571522,
              48.423235
            ],
            [
              9.9571348,
              48.4232285
            ],
            [
              9.9571314,
              48.4232325
            ],
            [
              9.9570353,
              48.4231968
            ],
            [
              9.9570906,
              48.4231328
            ],
            [
              9.9570764,
              48.4231276
            ],
            [
              9.9570625,
              48.4231337
            ],
            [
              9.9570533,
              48.4231304
            ],
            [
              9.9570438,
              48.423127
            ],
            [
              9.9570435,
              48.4231163
            ],
            [
              9.9570301,
              48.4231114
            ],
            [
              9.957009,
              48.4231139
            ],
            [
              9.9569919,
              48.4231076
            ],
            [
              9.9569816,
              48.4231035
            ],
            [
              9.9569767,
              48.4230881
            ],
            [
              9.9569933,
              48.4230698
            ],
            [
              9.9570147,
              48.4230642
            ],
            [
              9.9570595,
              48.4230112
            ],
            [
              9.9570454,
              48.4229735
            ],
            [
              9.9567519,
              48.4228682
            ],
            [
              9.9567638,
              48.4228542
            ],
            [
              9.9567876,
              48.4228263
            ],
            [
              9.9568031,
              48.422808
            ],
            [
              9.9568115,
              48.4227982
            ],
            [
              9.95682,
              48.4227882
            ],
            [
              9.9568368,
              48.4227685
            ],
            [
              9.9568432,
              48.4227609
            ],
            [
              9.9568511,
              48.4227517
            ],
            [
              9.9568589,
              48.4227425
            ],
            [
              9.956869,
              48.4227306
            ],
            [
              9.9568751,
              48.4227235
            ],
            [
              9.9570117,
              48.4227726
            ],
            [
              9.957073,
              48.4227946
            ],
            [
              9.9571423,
              48.4227836
            ],
            [
              9.95726,
              48.4226426
            ],
            [
              9.9573059,
              48.4225876
            ],
            [
              9.9574489,
              48.422641
            ],
            [
              9.9575184,
              48.4226666
            ],
            [
              9.9574985,
              48.4226903
            ],
            [
              9.9575047,
              48.4227041
            ],
            [
              9.9574919,
              48.4227192
            ],
            [
              9.9575077,
              48.4227251
            ],
            [
              9.9575133,
              48.4227395
            ],
            [
              9.9575512,
              48.422733
            ],
            [
              9.957606,
              48.4227513
            ],
            [
              9.9576326,
              48.4228157
            ],
            [
              9.9576013,
              48.4228515
            ],
            [
              9.9575937,
              48.4228531
            ],
            [
              9.9576024,
              48.4228665
            ],
            [
              9.9575833,
              48.4229031
            ],
            [
              9.957556,
              48.422904
            ],
            [
              9.9577154,
              48.4229633
            ],
            [
              9.9575963,
              48.4231044
            ]
          ],
          [
            [
              9.9573977,
              48.4227891
            ],
            [
              9.9573795,
              48.4228107
            ],
            [
              9.9573946,
              48.4228567
            ],
            [
              9.9573883,
              48.4228651
            ],
            [
              9.9575162,
              48.4229106
            ],
            [
              9.9575296,
              48.4228946
            ],
            [
              9.9575086,
              48.422869
            ],
            [
              9.9574508,
              48.4228476
            ],
            [
              9.9574446,
              48.4228254
            ],
            [
              9.9574384,
              48.4228035
            ],
            [
              9.9573977,
              48.4227891
            ]
          ]
        ]
      },
      "feature_type": "level",
      "building_id": "3e4e945c-24e4-4c6b-8ea6-f18b3e6bee62"
    },
    {
      "type": "Feature",
      "id": "6ada0a4b-6c46-4cd2-8a46-b3f4b0563ad6",
      "properties": {
        "type": "relation",
        "id": 11504592,
        "tags": {
          "building:levels": "1",
          "building:min_level": "0",
          "building:part": "yes",
          "indoor": "level",
          "level": "1",
          "name": "1. OG",
          "type": "multipolygon",
          "wall": "yes"
        },
        "relations": [],
        "meta": {},
        "osmId": "relation/11504592",
        "customId": "level/relation/11504592",
        "_area": 2324.7998108812158,
        "category": "unspecified",
        "restriction": null,
        "outdoor": false,
        "ordinal": 1,
        "name": {
          "en": "1. OG"
        },
        "short_name": {
          "en": "1"
        },
        "display_point": null,
        "address_id": null,
        "building_ids": [
          "40cdd0a8-4648-4a3e-8810-0c1e2adb9339"
        ]
      },
      "geometry": {
        "type": "Polygon",
        "coordinates": [
          [
            [
              9.9575963,
              48.4231044
            ],
            [
              9.9574209,
              48.4230398
            ],
            [
              9.9573727,
              48.4230224
            ],
            [
              9.9573147,
              48.4230343
            ],
            [
              9.9571522,
              48.423235
            ],
            [
              9.9571348,
              48.4232285
            ],
            [
              9.9571314,
              48.4232325
            ],
            [
              9.9569461,
              48.4231636
            ],
            [
              9.9569497,
              48.4231594
            ],
            [
              9.956938,
              48.4231551
            ],
            [
              9.9569816,
              48.4231035
            ],
            [
              9.9569767,
              48.4230881
            ],
            [
              9.9569933,
              48.4230698
            ],
            [
              9.9570147,
              48.4230642
            ],
            [
              9.9570595,
              48.4230112
            ],
            [
              9.9570454,
              48.4229735
            ],
            [
              9.9567519,
              48.4228682
            ],
            [
              9.9567638,
              48.4228542
            ],
            [
              9.9567876,
              48.4228263
            ],
            [
              9.9568031,
              48.422808
            ],
            [
              9.9568115,
              48.4227982
            ],
            [
              9.95682,
              48.4227882
            ],
            [
              9.9568368,
              48.4227685
            ],
            [
              9.9568432,
              48.4227609
            ],
            [
              9.9568589,
              48.4227425
            ],
            [
              9.956869,
              48.4227306
            ],
            [
              9.9568751,
              48.4227235
            ],
            [
              9.9570117,
              48.4227726
            ],
            [
              9.957073,
              48.4227946
            ],
            [
              9.9571423,
              48.4227836
            ],
            [
              9.95726,
              48.4226426
            ],
            [
              9.9572857,
              48.4226119
            ],
            [
              9.9573117,
              48.4226215
            ],
            [
              9.9574015,
              48.4226558
            ],
            [
              9.9573922,
              48.4226667
            ],
            [
              9.9574063,
              48.4226718
            ],
            [
              9.9574201,
              48.4226667
            ],
            [
              9.9574325,
              48.4226709
            ],
            [
              9.9574321,
              48.4226825
            ],
            [
              9.9574548,
              48.4226902
            ],
            [
              9.957483,
              48.4226847
            ],
            [
              9.9574985,
              48.4226903
            ],
            [
              9.9575047,
              48.4227041
            ],
            [
              9.9574919,
              48.4227192
            ],
            [
              9.9575077,
              48.4227251
            ],
            [
              9.9575133,
              48.4227395
            ],
            [
              9.9575512,
              48.422733
            ],
            [
              9.957606,
              48.4227513
            ],
            [
              9.9576326,
              48.4228157
            ],
            [
              9.9576013,
              48.4228515
            ],
            [
              9.9575937,
              48.4228531
            ],
            [
              9.9576024,
              48.4228665
            ],
            [
              9.9575833,
              48.4229031
            ],
            [
              9.957556,
              48.422904
            ],
            [
              9.9577154,
              48.4229633
            ],
            [
              9.9575963,
              48.4231044
            ]
          ],
          [
            [
              9.9575296,
              48.4228946
            ],
            [
              9.9575216,
              48.4228855
            ],
            [
              9.9575086,
              48.422869
            ],
            [
              9.9574508,
              48.4228476
            ],
            [
              9.9574446,
              48.4228254
            ],
            [
              9.9574384,
              48.4228035
            ],
            [
              9.9574257,
              48.4227991
            ],
            [
              9.9573977,
              48.4227891
            ],
            [
              9.9573795,
              48.4228107
            ],
            [
              9.9573946,
              48.4228567
            ],
            [
              9.9573883,
              48.4228651
            ],
            [
              9.9575029,
              48.4229059
            ],
            [
              9.9575162,
              48.4229106
            ],
            [
              9.9575229,
              48.4229026
            ],
            [
              9.9575264,
              48.4228984
            ],
            [
              9.9575296,
              48.4228946
            ]
          ]
        ]
      },
      "feature_type": "level",
      "building_id": "3e4e945c-24e4-4c6b-8ea6-f18b3e6bee62"
    },
    {
      "type": "Feature",
      "id": "eabe9a5f-eee3-4d03-b70c-352ab04d1419",
      "properties": {
        "type": "relation",
        "id": 11722665,
        "tags": {
          "access": "private",
          "building:levels": "0",
          "building:part": "yes",
          "indoor": "level",
          "level": "0",
          "name": "EG",
          "type": "multipolygon",
          "wall": "yes"
        },
        "relations": [],
        "meta": {},
        "osmId": "relation/11722665",
        "customId": "level/relation/11722665",
        "_area": 2399.0464253053965,
        "category": "unspecified",
        "restriction": null,
        "outdoor": false,
        "ordinal": 0,
        "name": {
          "en": "EG"
        },
        "short_name": {
          "en": "0"
        },
        "display_point": null,
        "address_id": null,
        "building_ids": [
          "40cdd0a8-4648-4a3e-8810-0c1e2adb9339"
        ]
      },
      "geometry": {
        "type": "Polygon",
        "coordinates": [
          [
            [
              9.9575963,
              48.4231044
            ],
            [
              9.9573727,
              48.4230224
            ],
            [
              9.9573147,
              48.4230343
            ],
            [
              9.9571522,
              48.423235
            ],
            [
              9.9571348,
              48.4232285
            ],
            [
              9.9571314,
              48.4232325
            ],
            [
              9.9569461,
              48.4231636
            ],
            [
              9.9569497,
              48.4231594
            ],
            [
              9.956938,
              48.4231551
            ],
            [
              9.9569816,
              48.4231035
            ],
            [
              9.9569767,
              48.4230881
            ],
            [
              9.9569933,
              48.4230698
            ],
            [
              9.9570147,
              48.4230642
            ],
            [
              9.9570595,
              48.4230112
            ],
            [
              9.9570454,
              48.4229735
            ],
            [
              9.9567519,
              48.4228682
            ],
            [
              9.9567638,
              48.4228542
            ],
            [
              9.9567876,
              48.4228263
            ],
            [
              9.9568031,
              48.422808
            ],
            [
              9.9568115,
              48.4227982
            ],
            [
              9.95682,
              48.4227882
            ],
            [
              9.9568368,
              48.4227685
            ],
            [
              9.9568432,
              48.4227609
            ],
            [
              9.9568589,
              48.4227425
            ],
            [
              9.956869,
              48.4227306
            ],
            [
              9.9568751,
              48.4227235
            ],
            [
              9.9570117,
              48.4227726
            ],
            [
              9.957073,
              48.4227946
            ],
            [
              9.9571423,
              48.4227836
            ],
            [
              9.95726,
              48.4226426
            ],
            [
              9.9573059,
              48.4225876
            ],
            [
              9.9574489,
              48.422641
            ],
            [
              9.9575184,
              48.4226666
            ],
            [
              9.9574985,
              48.4226903
            ],
            [
              9.9575047,
              48.4227041
            ],
            [
              9.9574919,
              48.4227192
            ],
            [
              9.9575077,
              48.4227251
            ],
            [
              9.9575133,
              48.4227395
            ],
            [
              9.9575512,
              48.422733
            ],
            [
              9.957606,
              48.4227513
            ],
            [
              9.9576326,
              48.4228157
            ],
            [
              9.9576013,
              48.4228515
            ],
            [
              9.9575937,
              48.4228531
            ],
            [
              9.9576024,
              48.4228665
            ],
            [
              9.9575833,
              48.4229031
            ],
            [
              9.957556,
              48.422904
            ],
            [
              9.9577154,
              48.4229633
            ],
            [
              9.9575963,
              48.4231044
            ]
          ],
          [
            [
              9.9573977,
              48.4227891
            ],
            [
              9.9573795,
              48.4228107
            ],
            [
              9.9573946,
              48.4228567
            ],
            [
              9.9575229,
              48.4229026
            ],
            [
              9.9575264,
              48.4228984
            ],
            [
              9.9575296,
              48.4228946
            ],
            [
              9.9575086,
              48.422869
            ],
            [
              9.9574508,
              48.4228476
            ],
            [
              9.9574446,
              48.4228254
            ],
            [
              9.9574384,
              48.4228035
            ],
            [
              9.9573977,
              48.4227891
            ]
          ]
        ]
      },
      "feature_type": "level",
      "building_id": "3e4e945c-24e4-4c6b-8ea6-f18b3e6bee62"
    },
    {
      "type": "Feature",
      "id": "d2bbbdd6-0ccd-4d26-89a5-c30209c33a2a",
      "properties": {
        "type": "way",
        "id": 371943318,
        "tags": {
          "building:levels": "3",
          "building:min_level": "2",
          "building:part": "yes",
          "indoor": "level",
          "level": "3",
          "name": "3. OG",
          "wall": "yes"
        },
        "relations": [],
        "meta": {},
        "osmId": "way/371943318",
        "customId": "level/way/371943318",
        "_area": 2142.5698666832945,
        "category": "unspecified",
        "restriction": null,
        "outdoor": false,
        "ordinal": 3,
        "name": {
          "en": "3. OG"
        },
        "short_name": {
          "en": "3"
        },
        "display_point": null,
        "address_id": null,
        "building_ids": [
          "40cdd0a8-4648-4a3e-8810-0c1e2adb9339"
        ]
      },
      "geometry": {
        "type": "Polygon",
        "coordinates": [
          [
            [
              9.9568751,
              48.4227235
            ],
            [
              9.9570117,
              48.4227726
            ],
            [
              9.9571192,
              48.4228112
            ],
            [
              9.9571423,
              48.4227836
            ],
            [
              9.95726,
              48.4226426
            ],
            [
              9.9573059,
              48.4225876
            ],
            [
              9.9574489,
              48.422641
            ],
            [
              9.9575184,
              48.4226666
            ],
            [
              9.9574985,
              48.4226903
            ],
            [
              9.9575047,
              48.4227041
            ],
            [
              9.9574919,
              48.4227192
            ],
            [
              9.9574646,
              48.4227096
            ],
            [
              9.9574529,
              48.4227234
            ],
            [
              9.9574298,
              48.4227508
            ],
            [
              9.9574298,
              48.4227509
            ],
            [
              9.9574065,
              48.4227786
            ],
            [
              9.9573977,
              48.4227891
            ],
            [
              9.9573795,
              48.4228107
            ],
            [
              9.9573533,
              48.4228421
            ],
            [
              9.9573946,
              48.4228567
            ],
            [
              9.9575229,
              48.4229026
            ],
            [
              9.9575296,
              48.4228946
            ],
            [
              9.9575676,
              48.4229081
            ],
            [
              9.9576073,
              48.4229229
            ],
            [
              9.9576475,
              48.422938
            ],
            [
              9.9576861,
              48.4229524
            ],
            [
              9.9577154,
              48.4229633
            ],
            [
              9.9575963,
              48.4231044
            ],
            [
              9.9573356,
              48.4230085
            ],
            [
              9.9573147,
              48.4230343
            ],
            [
              9.9571522,
              48.423235
            ],
            [
              9.9571348,
              48.4232285
            ],
            [
              9.9569497,
              48.4231594
            ],
            [
              9.956938,
              48.4231551
            ],
            [
              9.9569816,
              48.4231035
            ],
            [
              9.9569767,
              48.4230881
            ],
            [
              9.9569933,
              48.4230698
            ],
            [
              9.9570147,
              48.4230642
            ],
            [
              9.9570807,
              48.4229862
            ],
            [
              9.9570454,
              48.4229735
            ],
            [
              9.9567519,
              48.4228682
            ],
            [
              9.9567638,
              48.4228542
            ],
            [
              9.9567876,
              48.4228263
            ],
            [
              9.9568031,
              48.422808
            ],
            [
              9.9568115,
              48.4227982
            ],
            [
              9.9568259,
              48.4228036
            ],
            [
              9.9568341,
              48.4227935
            ],
            [
              9.9568421,
              48.4227837
            ],
            [
              9.9568487,
              48.4227757
            ],
            [
              9.9568566,
              48.4227661
            ],
            [
              9.9568432,
              48.4227609
            ],
            [
              9.9568511,
              48.4227517
            ],
            [
              9.9568589,
              48.4227425
            ],
            [
              9.956869,
              48.4227306
            ],
            [
              9.9568751,
              48.4227235
            ]
          ]
        ]
      },
      "feature_type": "level",
      "building_id": "3e4e945c-24e4-4c6b-8ea6-f18b3e6bee62"
    },
    {
      "type": "Feature",
      "id": "dd80aac2-7667-4c49-9b0b-bc153af7a4cb",
      "properties": {
        "type": "way",
        "id": 372012206,
        "tags": {
          "building:levels": "5",
          "building:min_level": "4",
          "building:part": "yes",
          "indoor": "level",
          "level": "5",
          "name": "5. OG",
          "wall": "yes"
        },
        "relations": [],
        "meta": {},
        "osmId": "way/372012206",
        "customId": "level/way/372012206",
        "_area": 1752.9291472999055,
        "category": "unspecified",
        "restriction": null,
        "outdoor": false,
        "ordinal": 5,
        "name": {
          "en": "5. OG"
        },
        "short_name": {
          "en": "5"
        },
        "display_point": null,
        "address_id": null,
        "building_ids": [
          "40cdd0a8-4648-4a3e-8810-0c1e2adb9339"
        ]
      },
      "geometry": {
        "type": "Polygon",
        "coordinates": [
          [
            [
              9.9574209,
              48.4230398
            ],
            [
              9.9573356,
              48.4230085
            ],
            [
              9.9573147,
              48.4230343
            ],
            [
              9.9571522,
              48.423235
            ],
            [
              9.9571348,
              48.4232285
            ],
            [
              9.9570114,
              48.4231825
            ],
            [
              9.9569497,
              48.4231594
            ],
            [
              9.956938,
              48.4231551
            ],
            [
              9.9569816,
              48.4231035
            ],
            [
              9.9569767,
              48.4230881
            ],
            [
              9.9569933,
              48.4230698
            ],
            [
              9.9570147,
              48.4230642
            ],
            [
              9.9570807,
              48.4229862
            ],
            [
              9.9570454,
              48.4229735
            ],
            [
              9.9567519,
              48.4228682
            ],
            [
              9.9567638,
              48.4228542
            ],
            [
              9.9567876,
              48.4228263
            ],
            [
              9.9568031,
              48.422808
            ],
            [
              9.9568115,
              48.4227982
            ],
            [
              9.95682,
              48.4227882
            ],
            [
              9.9568368,
              48.4227685
            ],
            [
              9.9568432,
              48.4227609
            ],
            [
              9.9568511,
              48.4227517
            ],
            [
              9.9568589,
              48.4227425
            ],
            [
              9.956869,
              48.4227306
            ],
            [
              9.9568751,
              48.4227235
            ],
            [
              9.9570117,
              48.4227726
            ],
            [
              9.9571192,
              48.4228112
            ],
            [
              9.9571423,
              48.4227836
            ],
            [
              9.95726,
              48.4226426
            ],
            [
              9.95746,
              48.4227149
            ],
            [
              9.9574529,
              48.4227234
            ],
            [
              9.9574065,
              48.4227786
            ],
            [
              9.9573977,
              48.4227891
            ],
            [
              9.9573795,
              48.4228107
            ],
            [
              9.9573533,
              48.4228421
            ],
            [
              9.9573946,
              48.4228567
            ],
            [
              9.9574197,
              48.4228657
            ],
            [
              9.9574592,
              48.4228798
            ],
            [
              9.9575229,
              48.4229026
            ],
            [
              9.9575319,
              48.4229059
            ],
            [
              9.9574209,
              48.4230398
            ]
          ]
        ]
      },
      "feature_type": "level",
      "building_id": "3e4e945c-24e4-4c6b-8ea6-f18b3e6bee62"
    },
    {
      "type": "Feature",
      "id": "e211f803-6d72-4a5f-ae29-c95fec0d235c",
      "properties": {
        "type": "way",
        "id": 372169405,
        "tags": {
          "building:levels": "4",
          "building:min_level": "3",
          "building:part": "yes",
          "indoor": "level",
          "level": "4",
          "name": "4. OG"
        },
        "relations": [],
        "meta": {},
        "osmId": "way/372169405",
        "customId": "level/way/372169405",
        "_area": 2036.198530896303,
        "category": "unspecified",
        "restriction": null,
        "outdoor": false,
        "ordinal": 4,
        "name": {
          "en": "4. OG"
        },
        "short_name": {
          "en": "4"
        },
        "display_point": null,
        "address_id": null,
        "building_ids": [
          "40cdd0a8-4648-4a3e-8810-0c1e2adb9339"
        ]
      },
      "geometry": {
        "type": "Polygon",
        "coordinates": [
          [
            [
              9.95726,
              48.4226426
            ],
            [
              9.9573059,
              48.4225876
            ],
            [
              9.9574489,
              48.422641
            ],
            [
              9.9575184,
              48.4226666
            ],
            [
              9.9574985,
              48.4226903
            ],
            [
              9.9575047,
              48.4227041
            ],
            [
              9.9574919,
              48.4227192
            ],
            [
              9.9574646,
              48.4227096
            ],
            [
              9.9574529,
              48.4227234
            ],
            [
              9.9574065,
              48.4227786
            ],
            [
              9.9573977,
              48.4227891
            ],
            [
              9.9573795,
              48.4228107
            ],
            [
              9.9573533,
              48.4228421
            ],
            [
              9.9573946,
              48.4228567
            ],
            [
              9.9574806,
              48.4228873
            ],
            [
              9.9575229,
              48.4229026
            ],
            [
              9.9575296,
              48.4228946
            ],
            [
              9.9575676,
              48.4229081
            ],
            [
              9.9576306,
              48.4229316
            ],
            [
              9.9576416,
              48.4229357
            ],
            [
              9.9575229,
              48.4230774
            ],
            [
              9.9573356,
              48.4230085
            ],
            [
              9.9571522,
              48.423235
            ],
            [
              9.956938,
              48.4231551
            ],
            [
              9.9569816,
              48.4231035
            ],
            [
              9.9569767,
              48.4230881
            ],
            [
              9.9569933,
              48.4230698
            ],
            [
              9.9570147,
              48.4230642
            ],
            [
              9.9570807,
              48.4229862
            ],
            [
              9.9567519,
              48.4228682
            ],
            [
              9.9568751,
              48.4227235
            ],
            [
              9.9571192,
              48.4228112
            ],
            [
              9.95726,
              48.4226426
            ]
          ]
        ]
      },
      "feature_type": "level",
      "building_id": "3e4e945c-24e4-4c6b-8ea6-f18b3e6bee62"
    }
  ],
  "name": "level"
}