{
  "features": [
    {
      "feature_type": "venue",
      "geometry": {
        "coordinates": [
          [
            [
              9.9575974,
              48.4231069
            ],
            [
              9.9577179,
              48.4229628
            ],
            [
              9.9575562,
              48.4229038
            ],
            [
              9.9575807,
              48.422902
            ],
            [
              9.9576029,
              48.422872
            ],
            [
              9.9575936,
              48.4228531
            ],
            [
              9.9576013,
              48.4228515
            ],
            [
              9.9576326,
              48.4228157
            ],
            [
              9.957606,
              48.4227513
            ],
            [
              9.9575512,
              48.422733
            ],
            [
              9.9575115,
              48.4227398
            ],
            [
              9.9575068,
              48.4227249
            ],
            [
              9.9574922,
              48.4227192
            ],
            [
              9.9575047,
              48.4227041
            ],
            [
              9.9574985,
              48.4226903
            ],
            [
              9.9575183,
              48.4226666
            ],
            [
              9.9574514,
              48.422642
            ],
            [
              9.9573062,
              48.4225884
            ],
            [
              9.9572594,
              48.4226439
            ],
            [
              9.9571443,
              48.4227806
            ],
            [
              9.9570653,
              48.4227947
            ],
            [
              9.9570099,
              48.4227742
            ],
            [
              9.9568752,
              48.4227238
            ],
            [
              9.9568693,
              48.4227308
            ],
            [
              9.9568593,
              48.4227426
            ],
            [
              9.9568437,
              48.4227611
            ],
            [
              9.9568373,
              48.4227687
            ],
            [
              9.9568206,
              48.4227886
            ],
            [
              9.9568122,
              48.4227985
            ],
            [
              9.9568039,
              48.4228083
            ],
            [
              9.9567982,
              48.4228151
            ],
            [
              9.9567885,
              48.4228266
            ],
            [
              9.956765,
              48.4228545
            ],
            [
              9.9567562,
              48.4228649
            ],
            [
              9.9570469,
              48.4229732
            ],
            [
              9.9570614,
              48.4230086
            ],
            [
              9.9570147,
              48.4230642
            ],
            [
              9.9569918,
              48.4230696
            ],
            [
              9.9569747,
              48.4230879
            ],
            [
              9.9569816,
              48.4231035
            ],
            [
              9.9569381,
              48.4231551
            ],
            [
              9.9569499,
              48.4231594
            ],
            [
              9.9569463,
              48.4231636
            ],
            [
              9.9571315,
              48.4232327
            ],
            [
              9.9571353,
              48.4232282
            ],
            [
              9.9571516,
              48.4232342
            ],
            [
              9.9573206,
              48.4230335
            ],
            [
              9.957381,
              48.4230258
            ],
            [
              9.9574823,
              48.4230634
            ],
            [
              9.9575093,
              48.4230734
            ],
            [
              9.9575806,
              48.4231005
            ],
            [
              9.9575974,
              48.4231069
            ]
          ],
          [
            [
              9.9573765,
              48.4228118
            ],
            [
              9.9573963,
              48.4228559
            ],
            [
              9.9575223,
              48.4229029
            ],
            [
              9.9575276,
              48.4228968
            ],
            [
              9.9575296,
              48.4228946
            ],
            [
              9.9575166,
              48.4228897
            ],
            [
              9.9575086,
              48.422869
            ],
            [
              9.9574508,
              48.4228476
            ],
            [
              9.9574426,
              48.4228239
            ],
            [
              9.9574355,
              48.4228032
            ],
            [
              9.9574257,
              48.4227996
            ],
            [
              9.9574111,
              48.4227943
            ],
            [
              9.9573963,
              48.4227889
            ],
            [
              9.9573765,
              48.4228118
            ]
          ]
        ],
        "type": "Polygon"
      },
      "id": "1de9c505-9062-43dc-be1a-2447bd7c9e97",
      "properties": {
        "address_id": "e105efb7-b0d1-4144-8b8e-72eadf95724f",
        "alt_name": null,
        "category": "museum",
        "display_point": {
          "coordinates": [
            -121.8898523,
            37.3293547
          ],
          "type": "Point"
        },
        "hours": "Su-Sa 09:00-17:00",
        "name": {
          "en": "Dinoseum"
        },
        "phone": null,
        "restriction": null,
        "website": "https://developer.apple.com",
        "osmId": "undefined/undefined",
        "customId": "venue/undefined/undefined",
        "_area": 2400.2139929337172
      },
      "type": "Feature"
    }
  ],
  "name": "venue",
  "type": "FeatureCollection"
}